table,group,value,occurrences,confidence
main,001,von,3,medium
main,002,das / daß,2,high
main,003,Hof,1,medium
main,004,s,3,high
main,007,die,4,high
main,008,zu,1,medium
main,010,tig / ti,3,medium
main,011,keit,1,medium
main,013,ver,8,high
main,014,als (man),1,medium
main,015,rer,1,low
main,017,e,1,low
main,019,Condition,1,low
main,020,der,6,high
main,022,en,7,high
main,025,",  (comma)",5,high
main,028,haben,1,low
main,030,es,2,high
main,040,wie,3,high
main,042,st,5,high
main,047,st,1,medium
main,049,st,3,high
main,054,etwas,2,high
main,058,Mr.,1,low
main,066,sein,3,high
main,068,richt,4,high
main,070,ein (also der?),8,medium
main,072,ft,1,low
main,077,chen,1,low
main,085,sch(e),4,high
main,087,unter,1,medium
main,090,in,1,medium
main,096,eschäff,1,low
main,099,sein,2,high
main,202,das,1,low
main,206,den,2,low
main,211,sie,2,medium
main,212,al,1,medium
main,217,mi,2,high
main,219,ab,2,high
main,220,vor / das,3,low
main,221,von,1,low
main,222,liche,1,medium
main,223,nach,2,high
main,224,es,1,low
main,226,s,5,high
main,230,groß,1,low
main,231,wenig,1,medium
main,232,ey,1,medium
main,233,stü,2,high
main,234,stand,2,high
main,244,da,3,high
main,246,Constantinopel,1,medium
main,248,ent,2,medium
main,250,be,1,low
main,262,en / me,3,low
main,263,Sti,1,low
main,266,schen,1,low
main,269,tet / det,2,medium
main,275,hiesigen,2,high
main,297,seye,1,low
main,300,men,1,low
main,400,en,2,low
main,405,machen,3,high
main,407,dern,1,low
main,409,?,2,low
main,412,möge,1,low
main,414,mahl,1,low
main,423,damit,1,medium
main,428,dien,2,high
main,437,er,5,medium
main,440,zu,1,medium
main,442,ig,1,medium
main,445,t,1,low
main,446,zu,6,high
main,448,vor,1,medium
main,450,cht,1,medium
main,460,alle,4,high
main,473,ni,1,medium
main,481,gehei,1,low
main,482,auf,3,high
main,488,im,1,low
main,489,ihn,1,medium
main,494,daß,1,medium
main,557,den,1,medium
main,603,thun,1,medium
main,613,o / mit,5,low
main,617,igu,1,low
main,622,kräf,1,low
main,623,glei,1,low
main,640,en wan,1,low
main,641,nehm,2,high
main,645,de,2,high
main,646,zeit,1,low
main,654,sez,1,low
main,655,ri,4,high
main,661,her,1,medium
main,662,ten,3,high
main,666,ich,4,high
main,667,den,5,high
main,670,maaß,1,medium
main,673,theil,1,low
main,676,ät,2,low
main,681,spr,1,low
main,698,wohl,2,high
main,777,lich,1,low
main,802,su,1,medium
main,809,men Tract?,1,low
main,811,um,2,high
main,819,fin,1,medium
main,820,o,1,low
main,830,mir,4,high
main,831,tzen,1,medium
main,832,ung,9,high
main,835,glauben,1,low
main,836,ab,1,low
main,847,Armée,1,medium
main,851,rzen,1,medium
main,867,ge / o,2,low
main,868,grafen,3,high
main,873,noch,1,medium
main,880,in,7,high
main,886,nicht,2,high
main,888,es,1,medium
main,889,aus,3,high
main,897,trö,1,high
main,996,kom,1,medium
main,1100,ge,1,low
main,1101,kön(te),1,low
main,1102,g,3,high
main,1103,sem,1,low
main,1104,ta,2,high
main,1105,daß,1,low
main,1107,würck,4,high
main,1108,dar,1,medium
main,1109,ka,1,medium
main,1113,und,6,high
main,1115,ten,3,high
main,1118,r,6,high
main,1119,en / et,2,low
main,1127,el,5,high
main,1140,all,1,medium
main,1144,er,2,medium
main,1146,ber,2,high
main,1155,möglich / en,2,low
main,1157,ung,2,high
main,1161,ge,1,low
main,1162,Monath,1,low
main,1163,er,1,medium
main,1165,li,3,high
main,1166,voll,1,medium
main,1189,punct,1,low
main,1195,r,1,medium
main,3312,h,1,medium
main,3321,haff,1,low
main,3331,sehen,1,medium
main,3333,vor,1,low
main,3340,dieß,1,medium
main,3348,von,1,low
main,3349,ben,1,low
main,3362,geben,1,low
main,3365,an,2,high
main,3368,gute,1,medium
main,3370,ni,1,medium
main,3374,ange,1,medium
main,3375,he,4,high
main,3391,fen,2,low
main,3392,Rußi,1,low
main,3395,ist,1,medium
main,5500,selbe,1,medium
main,5512,h,7,high
main,5519,dem,1,medium
main,5521,Marechal,1,low
main,5522,Hof,1,low
main,5524,tion,1,low
main,5528,des,3,high
main,5536,halt,1,low
main,5537,Brühl,2,high
main,5540,b / be,6,high
main,5547,fe,4,high
main,5549,al,2,high
main,5553,canz,1,low
main,5557,und,2,high
main,5564,bis,1,high
main,5566,bis,1,medium
main,5567,ri,1,high
main,5568,ch,2,high
main,5575,gespi,1,low
main,5582,mü,1,medium
main,5584,fal,2,high
main,5588,König,1,medium
main,5592,er,2,low
main,7700,nur,2,high
main,7701,ler,1,low
main,7717,ö,1,medium
main,7720,dem,2,high
main,7723,h,1,medium
main,7725,hr,2,low
main,7727,laß,3,high
main,7740,Durand,2,high
main,7749,July,1,low
main,7750,unter,1,medium
main,7755,hätte,1,low
main,7757,dios,1,low
main,7760,hier,3,high
main,7762,fa,1,medium
main,7766,nt,1,medium
main,7770,werde,2,medium
main,7772,bey,3,high
main,7773,ig,4,high
main,7775,ge / gen,6,high
main,7777,getr,1,low
main,7778,durch,1,medium
main,7779,rne,1,low
main,7781,pula,1,low
main,7784,Corps?,1,low
main,7796,hiesigen,1,medium
main,7798,die,1,low
main,7799,sich,2,medium
main,8831,zu,1,medium
main,8888,ge,1,low
main,9903,aue,1,low
main,9919,?,1,low
main,9931,be,3,high
main,9961,Hr.,1,low
main,9967,ter,1,low
main,9973,tr,1,low
main,9989,wegen,2,high
main,9995,ge,1,medium
second,005,de,2,high
second,066,vor,2,high
second,088,auch,1,medium
second,101,ab,2,high
second,112,sta,2,high
second,122,in,7,high
second,128,haubt,1,medium
second,141,wor,2,medium
second,144,s,1,medium
second,153,vil,2,high
second,160,dieß,2,high
second,195,zahl,2,high
second,309,schla,1,medium
second,336,s,3,high
second,344,ge,6,high
second,350,gen,1,medium
second,353,und,2,high
second,396,ung,3,high
second,500,sich,2,medium
second,533,be,6,high
second,537,fehl,1,medium
second,555,daß,1,medium
second,577,etwas,1,medium
second,714,ber,2,high
second,732,von,1,medium
second,771,ni,2,medium
second,777,ni,2,high
second,783,sche,3,high
second,901,geben,1,medium
second,918,ste,2,high
second,923,zu,1,medium
second,929,gra,2,high
second,946,l(e),4,high
second,952,feln,1,medium
second,978,ste,1,medium
second,2215,f,1,medium
second,2233,zwei,1,medium
second,2246,fal,2,high
second,2259,te nur,1,low
second,2273,von,1,medium
second,2275,f,1,medium
second,4447,nach,1,medium
second,6601,richt,1,medium
second,6642,traue,1,medium
second,6686,wünschen,1,medium
second,8853,selbst,1,medium
second,8877,et,1,medium
second,8882,dem,2,medium
